NumFeatures,Features,R2,MAE
1,diameter,0.4532161972351999,325.2511395174969
2,"diameter,J",0.4705665106918112,342.4593461666969
3,"diameter,J,V",0.5355591275949108,342.21325463393833
4,"diameter,J,V,pitch",0.64099792183368,305.8952171043727
5,"diameter,J,V,pitch,CT",0.6504791458568379,300.4844614525394
6,"diameter,J,V,pitch,CT,rpm",0.652956829485485,299.41758935197737
