NumPCs,R2,MAE
1,0.304767697121459,403.1013693307231
2,0.30732904562835983,410.5227860683857
3,0.41990287286006434,350.63205714134523
4,0.4345880641611377,348.23694043215147
5,0.6507526210880423,305.1221891295101
6,0.6529568294288448,299.4175874092218
