{
  "DEF_PCFM_DS": 1.0971793757101835,
  "DEF_PCFM_Base": 1.0971793757101835,
  "DEF_RawML_ridge": 0.5849913684319494
}